{"epoch": 1, "step": 10, "train_loss": 13.239757451144131, "clean_grad_norm": 104.6008529663086, "private_grad_norm": 0.5789732933044434, "clipped_grad_norm": 1.3124597072601318, "mt_norm": NaN, "vt_norm": NaN, "vt_corr_norm": NaN, "mt_clean_norm": NaN, "vt_clean_norm": NaN, "mean_perc_corr": 0.45065993070602417, "mean_perc_zero": 0.31500867009162903, "_timestamp": 1704755596.3440678, "_runtime": 56.55722689628601, "_step": 10, "_wandb": {"runtime": 62}}