{"epoch": 1, "step": 240, "train_loss": 11.52100077902133, "clean_grad_norm": 78.09652709960938, "private_grad_norm": 0.5792726278305054, "clipped_grad_norm": 1.313460350036621, "mt_norm": NaN, "vt_norm": NaN, "vt_corr_norm": NaN, "mt_clean_norm": NaN, "vt_clean_norm": NaN, "mean_perc_corr": 0.522373616695404, "mean_perc_zero": 0.052478764206171036, "_timestamp": 1703555669.7824788, "_runtime": 364.09158086776733, "_step": 263, "eval_loss": 7.678459904410622, "eval_accuracy": 0.5466994840647857, "eps": 0.7954471614478271, "_wandb": {"runtime": 365}}